,id,value
0,5/1/10,26.019995474422544
1,4/1/09,21.755626689968494
2,9/1/13,5.234830045333169
3,1/1/06,2.662545938692777
4,2/1/07,7.193111948381826
5,8/1/12,12.867731436241442
6,6/1/14,25.624947790448076
7,3/1/08,14.521607184504365
8,12/1/04,-0.4286343615826951
9,7/1/11,20.639173486449337
